{"model_data": {"model": "SimpleRNN", "input_size": 1, "skip": 1, "output_size": 1, "unit_type": "LSTM", "num_layers": 1, "hidden_size": 8, "bias_fl": true}, "state_dict": {"rec.weight_ih_l0": [[-0.3414609134197235], [-0.03170246258378029], [0.11604253202676773], [-0.015427075326442719], [0.17268773913383484], [-0.23094803094863892], [-0.6555976867675781], [-0.1043524295091629], [-0.1666366308927536], [0.26339831948280334], [-0.21500007808208466], [0.009805182926356792], [0.21842561662197113], [-0.8878997564315796], [-0.16817934811115265], [-0.012040466070175171], [1.305953860282898], [0.986621618270874], [-0.41590040922164917], [-1.7009609937667847], [0.30551889538764954], [1.0626300573349], [-1.8594329357147217], [-4.567104816436768], [-0.9292318820953369], [0.3806515634059906], [-0.11702553927898407], [0.033492445945739746], [1.0734859704971313], [-0.36326590180397034], [-0.5137730836868286], [-0.0006513459957204759]], "rec.weight_hh_l0": [[-0.24937117099761963, -0.02400904893875122, 0.22774621844291687, -0.07431751489639282, -0.5613753199577332, -0.09670906513929367, 0.007555639371275902, 0.055431514978408813], [-0.294613778591156, 0.07077617943286896, 0.3138829171657562, 0.20643283426761627, -0.5383180379867554, -0.13261473178863525, -0.23900577425956726, -0.25881990790367126], [0.3065665662288666, 0.0042299022898077965, -0.0644012913107872, 0.48973479866981506, -0.04138857126235962, -0.06532127410173416, -0.09823516756296158, 0.32924968004226685], [-0.03201351314783096, 0.12761454284191132, -0.20193037390708923, 0.0538206584751606, -0.29833468794822693, 0.2811930477619171, 0.13576629757881165, -0.1370391696691513], [0.43108007311820984, -0.08132776618003845, 0.31863531470298767, -0.0901627242565155, -0.16518613696098328, -0.26177096366882324, -0.031690213829278946, 0.028624530881643295], [0.1127968281507492, -0.30203065276145935, -0.139191672205925, -0.16026845574378967, -0.5305919647216797, 0.229881152510643, -0.04541051760315895, -0.39316263794898987], [-0.04536299780011177, -0.1850975900888443, 0.108783058822155, 0.37022697925567627, 0.06297456473112106, -0.29085013270378113, -0.3338712453842163, 0.29757606983184814], [-0.38559842109680176, 0.39659979939460754, -0.5874126553535461, -0.0122455395758152, 0.8205524682998657, -0.040968358516693115, 0.5490345358848572, 2.286133050918579], [0.037497252225875854, -0.005254996009171009, -0.22129015624523163, -0.146051287651062, -1.1071405410766602, -0.12853814661502838, -0.13193954527378082, 0.28110799193382263], [-0.4169553518295288, -0.0011221031891182065, 0.35983458161354065, 0.05592935159802437, -0.5634108185768127, -0.14196103811264038, 0.02673189342021942, -0.29264262318611145], [-0.1695042848587036, 0.17395226657390594, -0.42764991521835327, 0.7160245180130005, 0.06124508008360863, -0.1592554748058319, 0.34324559569358826, 0.36640480160713196], [0.13131514191627502, -0.1307956576347351, -0.3478606343269348, -0.06243827939033508, -0.6146247386932373, 0.424850732088089, 0.16150008141994476, 0.3717201352119446], [0.15941327810287476, 0.7177906632423401, -0.15138381719589233, -0.22508957982063293, -0.47749394178390503, -0.6754590272903442, 0.2664058208465576, 0.21711619198322296], [-0.36116087436676025, 0.10939301550388336, -0.651784360408783, 0.41478022933006287, -0.4317328631877899, 0.7547821402549744, 0.30274781584739685, -0.003853384405374527], [-0.4171811640262604, 0.41028866171836853, -0.43483301997184753, -0.08028636872768402, -0.36155077815055847, 0.0007241473067551851, 0.4119819700717926, -0.2042953073978424], [0.05806887149810791, -0.25487422943115234, 0.41025620698928833, -0.09669423848390579, 0.3854454755783081, -0.07476262748241425, -0.3740731477737427, 0.25136902928352356], [0.5579168796539307, -0.09804059565067291, -0.19968417286872864, 0.3189324736595154, 0.3819922208786011, 0.07669910043478012, -0.49357840418815613, 0.009363267570734024], [-0.8139723539352417, 0.3206319510936737, 0.8384639024734497, 0.42263349890708923, 0.12432337552309036, 0.23918181657791138, 0.03906610980629921, 0.21698926389217377], [-0.45863622426986694, 0.5862469673156738, 0.149565652012825, -0.07451242208480835, -0.5792885422706604, -0.44746944308280945, -0.37283000349998474, -0.47369903326034546], [-0.3113519847393036, -0.21714536845684052, -0.007084967102855444, -0.4781138002872467, -0.21325062215328217, -0.6062260270118713, 0.08725365996360779, -0.34190553426742554], [-0.4788704216480255, 0.13094425201416016, 0.009049303829669952, 0.7227141261100769, -0.09511701762676239, -0.6705172657966614, 0.23370082676410675, 0.4087373614311218], [-0.6029077768325806, 0.06383789330720901, 0.049528930336236954, 0.6377179622650146, 0.2781398594379425, 0.34399545192718506, 0.23454219102859497, 0.20033788681030273], [-0.5386373400688171, -0.27223533391952515, -0.08676047623157501, 0.39840763807296753, 0.3508773446083069, 0.140159010887146, 0.020219340920448303, 0.06602219492197037], [-0.3578382730484009, -0.30383238196372986, 0.5660862326622009, 0.8862454295158386, -1.3275551795959473, -1.5640298128128052, -0.19055186212062836, 1.7738035917282104], [-0.38074949383735657, -0.23182685673236847, 0.2398587018251419, 0.06349862366914749, -1.032341480255127, -0.0604434534907341, -0.13848945498466492, -0.05298670008778572], [-0.012997168116271496, 0.13096486032009125, 0.5783535838127136, -0.07764238864183426, -0.6067532300949097, -0.27534031867980957, -0.3510911464691162, 0.9849186539649963], [-0.27696558833122253, 0.17608673870563507, -0.48205065727233887, 0.40184286236763, -0.08310548961162567, 0.8735117316246033, 0.23219338059425354, -0.7307519912719727], [-0.03779420256614685, 0.19768281280994415, -0.25282949209213257, 0.0352959968149662, -0.30480170249938965, 0.19393780827522278, 0.25051334500312805, -0.16549529135227203], [1.0902082920074463, 0.40476155281066895, 0.20192183554172516, -0.8979440927505493, -1.1160537004470825, 0.2148260772228241, -0.35693418979644775, 0.47730162739753723], [-0.3140619099140167, 0.16482800245285034, -0.7135969996452332, 0.26923877000808716, -0.7664175629615784, 0.7560593485832214, 0.5888946652412415, -0.413912832736969], [-0.2514016330242157, -0.09678251296281815, 0.0017018058570101857, 0.23222939670085907, -0.3754822313785553, 0.183309406042099, 0.102448970079422, 0.22410061955451965], [0.2083706557750702, 0.11203711479902267, 0.2480912208557129, -0.008873418904840946, 0.27409428358078003, -0.5849599838256836, -0.6031134724617004, -2.424060106277466]], "rec.bias_ih_l0": [0.010582240298390388, -0.18560750782489777, -0.17629525065422058, 0.22243325412273407, -0.3121625781059265, -0.025617370381951332, -0.2975981831550598, 1.0980520248413086, 0.1534707248210907, 0.42746254801750183, 0.1290411651134491, 0.34588250517845154, 0.6557645201683044, 0.15578526258468628, 0.6095685958862305, -1.0773029327392578, 0.06671756505966187, 0.22111915051937103, -0.031020628288388252, 0.010210477747023106, -0.15784308314323425, -0.2203301340341568, 0.024061843752861023, 0.21870119869709015, 0.0099421925842762, 0.1310528665781021, 0.383925199508667, 0.5907479524612427, -0.12915048003196716, 0.49290338158607483, 0.044144079089164734, 1.0210520029067993], "rec.bias_hh_l0": [0.2265583574771881, 0.35255181789398193, -0.2892725467681885, 0.4232906997203827, -0.23017464578151703, -0.004277142696082592, 0.04453311860561371, 0.9011428952217102, 0.6015287041664124, -0.1368621438741684, 0.25222858786582947, -0.06604664772748947, 1.0571699142456055, 0.2788971960544586, 0.581202507019043, -0.700758159160614, -0.09864702820777893, 0.11923328042030334, -0.19256947934627533, -0.039527859538793564, 0.15735720098018646, 0.03519866615533829, 0.03106340765953064, -0.11765196174383163, -0.02867920882999897, -0.034208863973617554, 0.33985790610313416, 0.7263782620429993, -0.16786780953407288, 0.08011666685342789, 0.3880366384983063, 0.9419114589691162],